0.2000, 3064279.0
0.2040, 3083967.0
0.2080, 3182569.2
0.2120, 3212846.8
0.2160, 3245429.0
0.2200, 3320230.2
0.2240, 3392364.2
0.2280, 3461929.2
0.2320, 3490117.5
0.2360, 3553920.2
0.2400, 3583643.8
0.2440, 3662183.8
0.2480, 3693373.5
0.2520, 3819398.8
0.2560, 3753167.2
0.2600, 3872689.2
0.2640, 3955766.8
0.2680, 3943040.8
0.2720, 4060382.8
0.2760, 4220119.0
0.2800, 4225550.5
0.2840, 4155707.5
0.2880, 4346162.0
0.2920, 4412989.0
0.2960, 4504801.5
0.3000, 4587888.5
0.3040, 4671988.0
0.3080, 4809534.5
0.3120, 4750514.5
0.3160, 4936300.0
0.3200, 5014043.5
0.3240, 4909811.5
0.3280, 5091380.5
0.3320, 5087894.5
0.3360, 5130215.5
0.3400, 5170240.5
0.3440, 5309843.0
0.3480, 5461333.5
0.3520, 5527847.0
0.3560, 5530216.0
0.3600, 5517535.5
0.3640, 5556297.5
0.3680, 5766745.0
0.3720, 5768509.0
0.3760, 5735508.0
0.3800, 5925186.0
0.3840, 6115866.0
0.3880, 6091726.0
0.3920, 6139985.5
0.3960, 6243195.0
0.4000, 6389769.5
0.4040, 6393798.0
0.4080, 6467826.0
0.4120, 6633740.0
0.4160, 6717756.0
0.4200, 6726241.0
0.4240, 6798651.5
0.4280, 6737763.5
0.4320, 6848362.0
0.4360, 6971547.5
0.4400, 7187391.0
0.4440, 6954107.5
0.4480, 7164043.5
0.4520, 7241871.0
0.4560, 7306913.0
0.4600, 7329446.0
0.4640, 7529352.5
0.4680, 7579751.5
0.4720, 7502780.0
0.4760, 7677106.0
0.4800, 7814684.0
0.4840, 7733266.5
0.4880, 7861774.5
0.4920, 8068360.5
0.4960, 7838438.0
0.5000, 8093450.5
0.5040, 8147304.5
0.5080, 8257663.0
0.5120, 8376924.0
0.5160, 8312362.0
0.5200, 8345259.0
0.5240, 8500872.0
0.5280, 8654939.0
0.5320, 8744414.0
0.5360, 8627866.0
0.5400, 8719585.0
0.5440, 8920399.0
0.5480, 8790973.0
0.5520, 8983991.0
0.5560, 9115807.0
0.5600, 9134573.0
0.5640, 9298149.0
0.5680, 9112530.0
0.5720, 9360947.0
0.5760, 9510673.0
0.5800, 9403341.0
0.5840, 9539739.0
0.5880, 9425999.0
0.5920, 9598895.0
0.5960, 9584607.0
0.6000, 9714389.0
0.6040, 9699996.0
0.6080, 9580725.0
0.6120, 9630999.0
0.6160, 9710945.0
0.6200, 9875804.0
0.6240, 9733979.0
0.6280, 9933520.0
0.6320, 9798123.0
0.6360, 9855379.0
0.6400, 9862967.0
0.6440, 9860744.0
0.6480, 9972083.0
0.6520, 10029632.0
0.6560, 9782739.0
0.6600, 9788751.0
0.6640, 10116278.0
0.6680, 9985620.0
0.6720, 9838628.0
0.6760, 9554487.0
0.6800, 9857091.0
0.6840, 9753975.0
0.6880, 9722728.0
0.6920, 9517446.0
0.6960, 9445036.0
0.7000, 9375558.0
0.7040, 9489538.0
0.7080, 9186924.0
0.7120, 9254951.0
0.7160, 9043919.0
0.7200, 8878537.0
0.7240, 8639514.0
0.7280, 8712018.0
0.7320, 8440109.0
0.7360, 8158388.0
0.7400, 7989750.5
0.7440, 7791556.0
0.7480, 7608411.0
0.7520, 7286415.0
0.7560, 7143713.0
0.7600, 6700472.5
0.7640, 6602335.5
0.7680, 6271886.0
0.7720, 6032455.5
0.7760, 5780855.5
0.7800, 5442651.5
0.7840, 5172036.0
0.7880, 4837442.5
0.7920, 4613865.5
0.7960, 4447472.0
0.8000, 4196477.5
0.8040, 3942654.8
0.8080, 3759896.0
0.8120, 3638516.2
0.8160, 3487996.8
0.8200, 3180746.5
0.8240, 3075383.2
0.8280, 2872786.8
0.8320, 2751451.8
0.8360, 2607930.2
0.8400, 2464127.5
0.8440, 2396109.2
0.8480, 2255600.0
0.8520, 2159593.2
0.8560, 2089813.9
0.8600, 1971501.4
0.8640, 1903082.5
0.8680, 1848307.5
0.8720, 1770319.6
0.8760, 1653855.2
0.8800, 1596743.6
0.8840, 1549143.1
0.8880, 1466392.4
0.8920, 1402826.2
0.8960, 1354810.2
0.9000, 1306017.2
0.9040, 1250346.8
0.9080, 1192668.5
0.9120, 1141607.6
0.9160, 1121331.8
0.9200, 1072872.8
0.9240, 1049132.2
0.9280, 991787.1
0.9320, 953953.4
0.9360, 918453.1
0.9400, 879649.9
0.9440, 829654.8
0.9480, 804578.9
0.9520, 774829.0
0.9560, 766954.6
0.9600, 736246.9
0.9640, 716926.7
0.9680, 706134.3
0.9720, 675724.6
0.9760, 657631.9
0.9800, 623645.6
0.9840, 588315.6
0.9880, 557425.9
0.9920, 552682.1
0.9960, 535805.2
1.0000, 487856.8
1.0040, 485567.9
1.0080, 467570.3
1.0120, 449633.1
1.0160, 455145.6
1.0200, 438472.8
1.0240, 427172.9
1.0280, 409009.3
1.0320, 408764.1
1.0360, 382567.6
1.0400, 373439.3
1.0440, 369968.3
1.0480, 352826.1
1.0520, 327281.9
1.0560, 327512.7
1.0600, 316516.1
1.0640, 303780.2
1.0680, 291867.0
1.0720, 275342.6
1.0760, 276529.4
1.0800, 274728.2
1.0840, 271428.6
1.0880, 268392.3
1.0920, 262234.1
1.0960, 262350.4
1.1000, 253129.5
1.1040, 247872.9
1.1080, 232035.3
1.1120, 226455.2
1.1160, 209589.3
1.1200, 196328.7
1.1240, 183163.7
1.1280, 177120.0
1.1320, 168040.8
1.1360, 165945.1
1.1400, 160639.2
1.1440, 157204.5
1.1480, 155390.6
1.1520, 161263.9
1.1560, 159992.8
1.1600, 164209.8
1.1640, 158471.5
1.1680, 152719.3
1.1720, 150073.8
1.1760, 146017.8
1.1800, 135456.4
1.1840, 124235.4
1.1880, 114656.5
1.1920, 107647.1
1.1960, 98960.0
1.2000, 92847.5
1.2040, 89917.0
1.2080, 87975.6
1.2120, 87840.0
1.2160, 88041.6
1.2200, 90150.1
1.2240, 91954.9
1.2280, 93400.5
1.2320, 95973.3
1.2360, 93957.8
1.2400, 92451.1
1.2440, 87747.6
1.2480, 84318.6
1.2520, 77346.3
1.2560, 72305.0
1.2600, 66165.5
1.2640, 58704.9
1.2680, 53855.7
1.2720, 50338.6
1.2760, 47332.9
1.2800, 46415.3
1.2840, 45417.1
1.2880, 47119.0
1.2920, 49487.7
1.2960, 50811.7
1.3000, 53452.8
1.3040, 54594.5
1.3080, 56081.6
1.3120, 56212.9
1.3160, 54331.0
1.3200, 51285.7
1.3240, 47920.0
1.3280, 43518.4
1.3320, 40274.4
1.3360, 35066.0
1.3400, 30890.2
1.3440, 27491.8
1.3480, 24660.6
1.3520, 22624.1
1.3560, 22525.5
1.3600, 22117.3
1.3640, 24642.0
1.3680, 25439.9
1.3720, 27050.1
1.3760, 29992.4
1.3800, 30114.1
1.3840, 31680.8
1.3880, 31827.2
1.3920, 30791.8
1.3960, 29880.5
1.4000, 26996.6
1.4040, 25241.2
1.4080, 21525.3
1.4120, 18339.0
1.4160, 16139.4
1.4200, 13800.9
1.4240, 11611.6
1.4280, 10128.9
1.4320, 9806.1
1.4360, 9431.3
1.4400, 10205.8
1.4440, 11799.5
1.4480, 13003.8
1.4520, 14616.1
1.4560, 15964.9
1.4600, 16896.4
1.4640, 17455.3
1.4680, 17112.7
1.4720, 17458.2
1.4760, 16405.9
1.4800, 14701.3
1.4840, 12927.2
1.4880, 11381.1
1.4920, 8871.4
1.4960, 7185.6
1.5000, 6079.3
1.5040, 5042.5
1.5080, 4226.5
1.5120, 3865.0
1.5160, 3789.6
1.5200, 4579.7
1.5240, 5413.2
1.5280, 6433.7
1.5320, 7016.7
1.5360, 7778.2
1.5400, 8879.4
1.5440, 9542.6
1.5480, 9661.1
1.5520, 8829.2
1.5560, 8489.4
1.5600, 7913.9
1.5640, 6611.3
1.5680, 5143.8
1.5720, 4402.9
1.5760, 3244.0
1.5800, 2405.9
1.5840, 1753.1
1.5880, 1268.3
1.5920, 1226.5
1.5960, 1193.2
1.6000, 1452.2
1.6040, 2121.3
1.6080, 2673.9
1.6120, 3512.4
1.6160, 3697.3
1.6200, 4638.7
1.6240, 4949.9
1.6280, 4739.6
1.6320, 4823.5
1.6360, 4739.6
1.6400, 3915.7
1.6440, 3437.2
1.6480, 3000.9
1.6520, 2389.1
1.6560, 1552.4
1.6600, 1226.6
1.6640, 875.8
1.6680, 558.7
1.6720, 550.3
1.6760, 608.7
1.6800, 550.3
1.6840, 775.6
1.6880, 1151.4
1.6920, 1552.4
1.6960, 2054.2
1.7000, 2062.6
1.7040, 2514.9
1.7080, 2447.8
1.7120, 2556.7
1.7160, 2029.3
1.7200, 2305.4
1.7240, 1878.6
1.7280, 1644.4
1.7320, 1326.8
1.7360, 1260.0
1.7400, 925.9
1.7440, 558.7
1.7480, 483.6
1.7520, 450.2
1.7560, 466.9
1.7600, 542.0
1.7640, 692.2
1.7680, 934.2
1.7720, 884.1
1.7760, 1176.4
1.7800, 1226.5
1.7840, 1193.1
1.7880, 1452.2
1.7920, 1435.5
1.7960, 1468.8
1.8000, 1201.5
1.8040, 1193.1
1.8080, 1042.8
1.8120, 850.7
1.8160, 800.6
1.8200, 692.2
1.8240, 700.5
1.8280, 667.1
1.8320, 600.4
1.8360, 667.1
1.8400, 642.1
1.8440, 767.3
1.8480, 875.8
1.8520, 950.9
1.8560, 1126.3
1.8600, 1092.9
1.8640, 1151.4
1.8680, 1260.0
1.8720, 1042.8
1.8760, 1126.3
1.8800, 817.3
1.8840, 834.0
1.8880, 817.3
1.8920, 491.9
1.8960, 592.0
1.9000, 567.0
1.9040, 491.9
1.9080, 516.9
1.9120, 441.9
1.9160, 725.5
1.9200, 742.2
1.9240, 742.2
1.9280, 859.1
1.9320, 1026.1
1.9360, 1051.1
1.9400, 1326.8
1.9440, 1067.8
1.9480, 1234.9
1.9520, 1059.5
1.9560, 892.5
1.9600, 934.2
1.9640, 667.1
1.9680, 717.2
1.9720, 542.0
1.9760, 375.1
1.9800, 291.8
1.9840, 400.2
1.9880, 341.8
1.9920, 425.2
1.9960, 784.0
2.0000, 875.8
2.0040, 825.7
2.0080, 1051.1
2.0120, 1176.4
2.0160, 1276.7
2.0200, 1368.6
2.0240, 1577.5
2.0280, 1418.7
2.0320, 1335.1
2.0360, 1385.3
2.0400, 1026.1
2.0440, 984.3
2.0480, 784.0
2.0520, 625.4
2.0560, 500.3
2.0600, 291.8
2.0640, 350.1
2.0680, 275.1
2.0720, 291.8
2.0760, 341.8
2.0800, 533.6
2.0840, 733.9
2.0880, 800.7
2.0920, 1067.8
2.0960, 1201.5
2.1000, 1443.8
2.1040, 1310.1
2.1080, 1677.9
2.1120, 1636.1
2.1160, 1636.1
2.1200, 1535.8
2.1240, 1351.9
2.1280, 1168.0
2.1320, 1126.3
2.1360, 884.1
2.1400, 667.1
2.1440, 433.5
2.1480, 333.4
2.1520, 208.4
2.1560, 250.1
2.1600, 316.8
2.1640, 391.8
2.1680, 675.5
2.1720, 742.2
2.1760, 784.0
2.1800, 1184.8
2.1840, 1285.0
2.1880, 1301.8
2.1920, 1677.9
2.1960, 1711.3
2.2000, 1853.4
2.2040, 1694.6
2.2080, 1485.6
2.2120, 1602.6
2.2160, 1377.0
2.2200, 1059.5
2.2240, 875.8
2.2280, 592.0
2.2320, 650.4
2.2360, 275.1
2.2400, 333.4
2.2440, 225.1
2.2480, 266.7
2.2520, 450.2
2.2560, 516.9
2.2600, 675.5
2.2640, 1118.0
2.2680, 1117.9
2.2720, 1360.2
2.2760, 1611.0
2.2800, 1677.9
2.2840, 1853.5
2.2880, 1920.4
2.2920, 1828.4
2.2960, 1803.3
2.3000, 1594.2
2.3040, 1652.8
2.3080, 1260.0
2.3120, 984.3
2.3160, 792.3
2.3200, 533.6
2.3240, 483.6
2.3280, 358.5
2.3320, 283.4
2.3360, 266.7
2.3400, 466.9
2.3440, 533.6
2.3480, 725.5
2.3520, 959.3
2.3560, 1260.0
2.3600, 1293.4
2.3640, 1485.6
2.3680, 1786.6
2.3720, 1778.2
2.3760, 1945.6
2.3800, 1861.8
2.3840, 1920.4
2.3880, 1870.2
2.3920, 1360.2
2.3960, 1293.4
2.4000, 1184.8
2.4040, 1151.4
2.4080, 592.0
2.4120, 567.0
2.4160, 366.8
2.4200, 291.8
2.4240, 358.5
2.4280, 291.8
2.4320, 516.9
2.4360, 650.4
2.4400, 825.7
2.4440, 900.8
2.4480, 1418.7
2.4520, 1544.1
2.4560, 1544.1
2.4600, 1728.0
2.4640, 2004.1
2.4680, 2012.5
2.4720, 1794.9
2.4760, 1811.7
2.4800, 1786.6
2.4840, 1552.4
2.4880, 1159.7
2.4920, 892.5
2.4960, 767.3
2.5000, 558.6
2.5040, 483.6
2.5080, 350.1
2.5120, 433.5
2.5160, 291.8
2.5200, 441.9
2.5240, 575.3
2.5280, 825.7
2.5320, 675.5
2.5360, 1067.8
2.5400, 1301.7
2.5440, 1644.4
2.5480, 1728.1
2.5520, 1811.7
2.5560, 2012.4
2.5600, 2012.5
2.5640, 1736.4
2.5680, 1786.7
2.5720, 1602.6
2.5760, 1234.9
2.5800, 1134.7
2.5840, 867.4
2.5880, 575.3
2.5920, 408.5
2.5960, 383.5
2.6000, 300.1
2.6040, 366.8
2.6080, 275.1
2.6120, 400.2
2.6160, 667.1
2.6200, 825.7
2.6240, 967.6
2.6280, 1084.5
2.6320, 1385.3
2.6360, 1510.6
2.6400, 1519.0
2.6440, 1552.5
2.6480, 1644.4
2.6520, 1870.3
2.6560, 1652.9
2.6600, 1569.2
2.6640, 1343.5
2.6680, 1234.9
2.6720, 1084.5
2.6760, 950.9
2.6800, 592.0
2.6840, 533.6
2.6880, 391.8
2.6920, 358.5
2.6960, 308.4
2.7000, 425.2
2.7040, 575.3
2.7080, 516.9
2.7120, 884.1
2.7160, 1184.8
2.7200, 1193.1
2.7240, 1385.3
2.7280, 1519.0
2.7320, 1585.9
2.7360, 1811.7
2.7400, 1811.6
2.7440, 1602.6
2.7480, 1535.7
2.7520, 1452.2
2.7560, 1393.6
2.7600, 792.3
2.7640, 859.1
2.7680, 650.4
2.7720, 658.8
2.7760, 508.6
2.7800, 391.8
2.7840, 433.5
2.7880, 466.9
2.7920, 550.3
2.7960, 475.2
2.8000, 600.4
2.8040, 992.7
2.8080, 984.3
2.8120, 1168.1
2.8160, 1318.4
2.8200, 1560.8
2.8240, 1335.1
2.8280, 1544.1
2.8320, 1577.5
2.8360, 1611.0
2.8400, 1335.2
2.8440, 1527.4
2.8480, 1026.1
2.8520, 884.1
2.8560, 842.4
2.8600, 717.2
2.8640, 491.9
2.8680, 383.5
2.8720, 316.8
2.8760, 450.2
2.8800, 391.8
2.8840, 583.7
2.8880, 617.1
2.8920, 733.9
2.8960, 925.9
2.9000, 1001.0
2.9040, 1410.4
2.9080, 1552.5
2.9120, 1184.7
2.9160, 1527.4
2.9200, 1268.3
2.9240, 1485.6
2.9280, 1477.2
2.9320, 1201.5
2.9360, 1143.0
2.9400, 967.6
2.9440, 842.4
2.9480, 725.5
2.9520, 633.7
2.9560, 567.0
2.9600, 341.8
2.9640, 341.8
2.9680, 416.8
2.9720, 383.5
2.9760, 458.6
2.9800, 491.9
2.9840, 800.6
2.9880, 750.6
2.9920, 950.9
2.9960, 1184.7
3.0000, 1368.6
3.0040, 1335.2
3.0080, 1285.0
3.0120, 1268.3
3.0160, 1268.3
3.0200, 1285.0
3.0240, 1209.8
3.0280, 1034.4
3.0320, 942.6
3.0360, 708.8
3.0400, 558.7
3.0440, 600.4
3.0480, 475.2
3.0520, 366.8
3.0560, 358.5
3.0600, 316.8
3.0640, 450.2
3.0680, 550.3
3.0720, 617.1
3.0760, 708.9
3.0800, 917.5
3.0840, 934.2
3.0880, 1134.7
3.0920, 1067.8
3.0960, 1276.6
3.1000, 1326.8
3.1040, 1134.7
3.1080, 1251.6
3.1120, 1193.1
3.1160, 1385.3
3.1200, 892.5
3.1240, 784.0
3.1280, 667.1
3.1320, 742.2
3.1360, 441.9
3.1400, 350.1
3.1440, 308.4
3.1480, 291.8
3.1520, 316.8
3.1560, 391.8
3.1600, 408.5
3.1640, 475.2
3.1680, 658.8
3.1720, 809.0
3.1760, 867.4
3.1800, 942.6
3.1840, 1076.2
3.1880, 1059.5
3.1920, 1026.1
3.1960, 1101.2
3.2000, 1218.2
3.2040, 984.3
3.2080, 967.6
3.2120, 842.4
3.2160, 825.7
3.2200, 567.0
3.2240, 542.0
3.2280, 383.5
3.2320, 358.5
3.2360, 383.5
3.2400, 333.4
3.2440, 225.1
3.2480, 341.8
3.2520, 516.9
3.2560, 525.3
3.2600, 583.7
3.2640, 642.1
3.2680, 884.1
3.2720, 917.5
3.2760, 1076.2
3.2800, 909.2
3.2840, 967.6
3.2880, 1101.2
3.2920, 1026.1
3.2960, 1042.8
3.3000, 842.4
3.3040, 950.9
3.3080, 650.4
3.3120, 558.7
3.3160, 550.3
3.3200, 450.2
3.3240, 408.5
3.3280, 291.8
3.3320, 400.2
3.3360, 391.8
3.3400, 425.2
3.3440, 408.5
3.3480, 567.0
3.3520, 650.4
3.3560, 608.7
3.3600, 800.6
3.3640, 925.9
3.3680, 784.0
3.3720, 1017.7
3.3760, 859.1
3.3800, 934.2
3.3840, 950.9
3.3880, 967.6
3.3920, 850.7
3.3960, 675.5
3.4000, 650.4
3.4040, 458.5
3.4080, 483.6
3.4120, 341.8
3.4160, 308.4
3.4200, 308.4
3.4240, 225.1
3.4280, 358.5
3.4320, 258.4
3.4360, 441.9
3.4400, 441.9
3.4440, 592.0
3.4480, 717.2
3.4520, 617.0
3.4560, 750.6
3.4600, 667.1
3.4640, 817.4
3.4680, 959.3
3.4720, 892.5
3.4760, 733.9
3.4800, 667.1
3.4840, 750.6
3.4880, 600.4
3.4920, 650.4
3.4960, 491.9
3.5000, 433.5
3.5040, 341.8
3.5080, 375.1
3.5120, 341.8
3.5160, 275.1
3.5200, 391.8
3.5240, 350.1
3.5280, 475.2
3.5320, 391.8
3.5360, 575.3
3.5400, 542.0
3.5440, 700.5
3.5480, 775.6
3.5520, 633.7
3.5560, 792.3
3.5600, 700.5
3.5640, 775.6
3.5680, 525.3
3.5720, 884.1
3.5760, 633.7
3.5800, 608.7
3.5840, 542.0
3.5880, 391.8
3.5920, 383.5
3.5960, 383.5
3.6000, 325.1
3.6040, 325.1
3.6080, 325.1
3.6120, 241.7
3.6160, 350.1
3.6200, 341.8
3.6240, 341.8
3.6280, 450.2
3.6320, 416.8
3.6360, 708.8
3.6400, 742.2
3.6440, 683.8
3.6480, 550.3
3.6520, 558.7
3.6560, 725.5
3.6600, 558.7
3.6640, 608.7
3.6680, 592.0
3.6720, 458.5
3.6760, 458.5
3.6800, 441.9
3.6840, 316.8
3.6880, 350.1
3.6920, 216.7
3.6960, 183.4
3.7000, 275.1
3.7040, 225.1
3.7080, 366.8
3.7120, 266.7
3.7160, 416.8
3.7200, 450.2
3.7240, 500.3
3.7280, 508.6
3.7320, 642.1
3.7360, 558.6
3.7400, 717.2
3.7440, 600.4
3.7480, 500.3
3.7520, 516.9
3.7560, 667.1
3.7600, 458.5
3.7640, 350.1
3.7680, 516.9
3.7720, 358.5
3.7760, 266.7
3.7800, 308.4
3.7840, 250.1
3.7880, 166.7
3.7920, 233.4
3.7960, 283.4
3.8000, 225.1
3.8040, 225.1
3.8080, 325.1
3.8120, 425.2
3.8160, 533.6
3.8200, 500.3
3.8240, 466.9
3.8280, 458.5
3.8320, 608.7
3.8360, 483.6
3.8400, 533.6
3.8440, 508.6
3.8480, 483.6
3.8520, 400.2
3.8560, 366.8
3.8600, 408.5
3.8640, 283.4
3.8680, 300.1
3.8720, 191.7
3.8760, 258.4
3.8800, 191.7
3.8840, 183.4
3.8880, 258.4
3.8920, 283.4
3.8960, 325.1
3.9000, 383.5
3.9040, 316.8
3.9080, 383.5
3.9120, 416.8
3.9160, 400.2
3.9200, 475.2
3.9240, 483.6
3.9280, 441.9
3.9320, 516.9
3.9360, 366.8
3.9400, 391.8
3.9440, 416.8
3.9480, 375.2
3.9520, 291.8
3.9560, 250.1
3.9600, 258.4
3.9640, 183.4
3.9680, 233.4
3.9720, 241.7
3.9760, 191.7
3.9800, 175.0
3.9840, 158.4
3.9880, 200.0
3.9920, 216.7
3.9960, 358.5
4.0000, 391.8
4.0040, 300.1
4.0080, 366.8
4.0120, 391.8
4.0160, 466.9
4.0200, 366.8
4.0240, 575.3
4.0280, 450.2
4.0320, 375.1
4.0360, 408.5
4.0400, 325.1
4.0440, 275.1
4.0480, 241.7
4.0520, 133.4
4.0560, 150.0
4.0600, 158.4
4.0640, 191.7
4.0680, 216.7
4.0720, 166.7
4.0760, 216.7
4.0800, 141.7
4.0840, 208.4
4.0880, 250.1
4.0920, 258.4
4.0960, 283.4
4.1000, 316.8
4.1040, 416.8
4.1080, 458.5
4.1120, 383.5
4.1160, 241.7
4.1200, 383.5
4.1240, 275.1
4.1280, 325.1
4.1320, 291.8
4.1360, 275.1
4.1400, 216.7
4.1440, 175.0
4.1480, 108.3
4.1520, 183.4
4.1560, 91.7
4.1600, 116.7
4.1640, 116.7
4.1680, 125.0
4.1720, 216.7
4.1760, 200.0
4.1800, 241.7
4.1840, 250.1
4.1880, 208.4
4.1920, 275.1
4.1960, 200.0
4.2000, 308.4
4.2040, 258.4
4.2080, 275.1
4.2120, 283.4
4.2160, 283.4
4.2200, 216.7
4.2240, 150.0
4.2280, 175.0
4.2320, 175.0
4.2360, 208.4
4.2400, 100.0
4.2440, 83.3
4.2480, 133.4
4.2520, 133.4
4.2560, 116.7
4.2600, 116.7
4.2640, 108.3
4.2680, 241.7
4.2720, 175.0
4.2760, 191.7
4.2800, 158.4
4.2840, 341.8
4.2880, 333.4
4.2920, 266.7
4.2960, 333.5
4.3000, 300.1
4.3040, 341.8
4.3080, 241.7
4.3120, 200.0
4.3160, 166.7
4.3200, 183.4
4.3240, 141.7
4.3280, 91.7
4.3320, 141.7
4.3360, 91.7
4.3400, 75.0
4.3440, 125.0
4.3480, 83.3
4.3520, 125.0
4.3560, 133.4
4.3600, 100.0
4.3640, 125.0
4.3680, 175.0
4.3720, 208.4
4.3760, 216.7
4.3800, 200.0
4.3840, 208.4
4.3880, 283.4
4.3920, 183.4
4.3960, 241.7
4.4000, 250.1
4.4040, 133.4
4.4080, 158.4
4.4120, 133.4
4.4160, 150.0
4.4200, 108.3
4.4240, 108.3
4.4280, 83.3
4.4320, 66.7
4.4360, 125.0
4.4400, 116.7
4.4440, 108.3
4.4480, 133.4
4.4520, 66.7
4.4560, 166.7
4.4600, 133.4
4.4640, 166.7
4.4680, 266.7
4.4720, 183.4
4.4760, 200.0
4.4800, 175.0
4.4840, 175.0
4.4880, 125.0
4.4920, 141.7
4.4960, 191.7
4.5000, 108.3
4.5040, 133.4
4.5080, 125.0
4.5120, 91.7
4.5160, 100.0
4.5200, 66.7
4.5240, 83.3
4.5280, 108.3
4.5320, 108.3
4.5360, 75.0
4.5400, 91.7
4.5440, 125.0
4.5480, 100.0
4.5520, 75.0
4.5560, 116.7
4.5600, 158.4
4.5640, 108.3
4.5680, 208.4
4.5720, 158.4
4.5760, 116.7
4.5800, 125.0
4.5840, 175.0
4.5880, 133.4
4.5920, 100.0
4.5960, 75.0
4.6000, 75.0
4.6040, 50.0
4.6080, 75.0
4.6120, 66.7
4.6160, 50.0
4.6200, 41.7
4.6240, 66.7
4.6280, 91.7
4.6320, 125.0
4.6360, 75.0
4.6400, 108.3
4.6440, 108.3
4.6480, 133.4
4.6520, 83.3
4.6560, 125.0
4.6600, 100.0
4.6640, 58.3
4.6680, 108.3
4.6720, 141.7
4.6760, 91.7
4.6800, 100.0
4.6840, 75.0
4.6880, 100.0
4.6920, 58.3
4.6960, 100.0
4.7000, 25.0
4.7040, 41.7
4.7080, 58.3
4.7120, 41.7
4.7160, 41.7
4.7200, 66.7
4.7240, 50.0
4.7280, 50.0
4.7320, 75.0
4.7360, 83.3
4.7400, 33.3
4.7440, 50.0
4.7480, 83.3
4.7520, 58.3
4.7560, 158.4
4.7600, 100.0
4.7640, 50.0
4.7680, 75.0
4.7720, 116.7
4.7760, 83.3
4.7800, 58.3
4.7840, 50.0
4.7880, 50.0
4.7920, 66.7
4.7960, 33.3
4.8000, 33.3
4.8040, 16.7
4.8080, 33.3
4.8120, 33.3
4.8160, 50.0
4.8200, 16.7
4.8240, 66.7
4.8280, 50.0
4.8320, 66.7
4.8360, 125.0
4.8400, 108.3
4.8440, 133.4
4.8480, 41.7
4.8520, 133.4
4.8560, 66.7
4.8600, 108.3
4.8640, 58.3
4.8680, 33.3
4.8720, 33.3
4.8760, 58.3
4.8800, 50.0
4.8840, 8.3
4.8880, 25.0
4.8920, 58.3
4.8960, 33.3
4.9000, 33.3
4.9040, 33.3
4.9080, 25.0
4.9120, 58.3
4.9160, 58.3
4.9200, 41.7
4.9240, 50.0
4.9280, 33.3
4.9320, 33.3
4.9360, 91.7
4.9400, 91.7
4.9440, 58.3
4.9480, 41.7
4.9520, 91.7
4.9560, 41.7
4.9600, 41.7
4.9640, 25.0
4.9680, 41.7
4.9720, 41.7
4.9760, 25.0
4.9800, 33.3
4.9840, 41.7
4.9880, 41.7
4.9920, 50.0
4.9960, 50.0
5.0000, 16.7
5.0040, 58.3
5.0080, 33.3
5.0120, 75.0
5.0160, 58.3
5.0200, 66.7
5.0240, 58.3
5.0280, 58.3
5.0320, 50.0
5.0360, 25.0
5.0400, 33.3
5.0440, 8.3
5.0480, 58.3
5.0520, 16.7
5.0560, 25.0
5.0600, 16.7
5.0640, 16.7
5.0680, 25.0
5.0720, 0.0
5.0760, 16.7
5.0800, 0.0
5.0840, 16.7
5.0880, 16.7
5.0920, 25.0
5.0960, 33.3
5.1000, 25.0
5.1040, 16.7
5.1080, 41.7
5.1120, 58.3
5.1160, 25.0
5.1200, 75.0
5.1240, 58.3
5.1280, 75.0
5.1320, 41.7
5.1360, 50.0
5.1400, 25.0
5.1440, 0.0
5.1480, 58.3
5.1520, 41.7
5.1560, 16.7
5.1600, 33.3
5.1640, 8.3
5.1680, 16.7
5.1720, 0.0
5.1760, 33.3
5.1800, 0.0
5.1840, 16.7
5.1880, 25.0
5.1920, 25.0
5.1960, 33.3
5.2000, 16.7
5.2040, 33.3
5.2080, 25.0
5.2120, 16.7
5.2160, 25.0
5.2200, 50.0
5.2240, 33.3
5.2280, 25.0
5.2320, 16.7
5.2360, 33.3
5.2400, 0.0
5.2440, 8.3
5.2480, 16.7
5.2520, 25.0
5.2560, 33.3
5.2600, 25.0
5.2640, 25.0
5.2680, 25.0
5.2720, 8.3
5.2760, 8.3
5.2800, 41.7
5.2840, 8.3
5.2880, 8.3
5.2920, 16.7
5.2960, 16.7
5.3000, 33.3
5.3040, 25.0
5.3080, 25.0
5.3120, 25.0
5.3160, 41.7
5.3200, 8.3
5.3240, 8.3
5.3280, 8.3
5.3320, 8.3
5.3360, 41.7
5.3400, 33.3
5.3440, 0.0
5.3480, 8.3
5.3520, 16.7
5.3560, 16.7
5.3600, 8.3
5.3640, 25.0
5.3680, 8.3
5.3720, 41.7
5.3760, 16.7
5.3800, 8.3
5.3840, 8.3
5.3880, 8.3
5.3920, 50.0
5.3960, 16.7
5.4000, 16.7
5.4040, 25.0
5.4080, 16.7
5.4120, 8.3
5.4160, 33.3
5.4200, 16.7
5.4240, 0.0
5.4280, 8.3
5.4320, 33.3
5.4360, 16.7
5.4400, 8.3
5.4440, 0.0
5.4480, 25.0
5.4520, 8.3
5.4560, 8.3
5.4600, 25.0
5.4640, 0.0
5.4680, 8.3
5.4720, 33.3
5.4760, 25.0
5.4800, 8.3
5.4840, 8.3
5.4880, 33.3
5.4920, 0.0
5.4960, 16.7
5.5000, 8.3
5.5040, 25.0
5.5080, 16.7
5.5120, 0.0
5.5160, 0.0
5.5200, 0.0
5.5240, 16.7
5.5280, 8.3
5.5320, 16.7
5.5360, 8.3
5.5400, 25.0
5.5440, 25.0
5.5480, 8.3
5.5520, 25.0
5.5560, 8.3
5.5600, 0.0
5.5640, 16.7
5.5680, 16.7
5.5720, 8.3
5.5760, 33.3
5.5800, 8.3
5.5840, 8.3
5.5880, 25.0
5.5920, 0.0
5.5960, 16.7
5.6000, 16.7
5.6040, 16.7
5.6080, 16.7
5.6120, 16.7
5.6160, 8.3
5.6200, 16.7
5.6240, 8.3
5.6280, 8.3
5.6320, 8.3
5.6360, 0.0
5.6400, 50.0
5.6440, 8.3
5.6480, 0.0
5.6520, 8.3
5.6560, 25.0
5.6600, 8.3
5.6640, 0.0
5.6680, 8.3
5.6720, 8.3
5.6760, 8.3
5.6800, 16.7
5.6840, 41.7
5.6880, 8.3
5.6920, 25.0
5.6960, 8.3
5.7000, 8.3
5.7040, 8.3
5.7080, 0.0
5.7120, 16.7
5.7160, 25.0
5.7200, 8.3
5.7240, 0.0
5.7280, 25.0
5.7320, 0.0
5.7360, 16.7
5.7400, 16.7
5.7440, 8.3
5.7480, 16.7
5.7520, 0.0
5.7560, 0.0
5.7600, 8.3
5.7640, 8.3
5.7680, 0.0
5.7720, 0.0
5.7760, 16.7
5.7800, 25.0
5.7840, 8.3
5.7880, 8.3
5.7920, 16.7
5.7960, 25.0
5.8000, 16.7
5.8040, 8.3
5.8080, 25.0
5.8120, 8.3
5.8160, 33.3
5.8200, 0.0
5.8240, 8.3
5.8280, 16.7
5.8320, 16.7
5.8360, 33.3
5.8400, 8.3
5.8440, 16.7
5.8480, 0.0
5.8520, 16.7
5.8560, 33.3
5.8600, 0.0
5.8640, 16.7
5.8680, 33.3
5.8720, 8.3
5.8760, 8.3
5.8800, 0.0
5.8840, 8.3
5.8880, 0.0
5.8920, 33.3
5.8960, 8.3
5.9000, 33.3
5.9040, 16.7
5.9080, 25.0
5.9120, 8.3
5.9160, 33.3
5.9200, 8.3
5.9240, 16.7
5.9280, 16.7
5.9320, 16.7
5.9360, 8.3
5.9400, 8.3
5.9440, 33.3
5.9480, 25.0
5.9520, 8.3
5.9560, 0.0
5.9600, 0.0
5.9640, 0.0
5.9680, 8.3
5.9720, 8.3
5.9760, 16.7
5.9800, 8.3
5.9840, 16.7
5.9880, 16.7
5.9920, 25.0
5.9960, 16.7
6.0000, 8.3
